title,category,price
It's Only the Himalayas,Travel,£45.17
Full Moon over Noahâs Ark: An Odyssey to Mount Ararat and Beyond,Travel,£49.43
See America: A Celebration of Our National Parks & Treasured Sites,Travel,£48.87
Vagabonding: An Uncommon Guide to the Art of Long-Term World Travel,Travel,£36.94
Under the Tuscan Sun,Travel,£37.33
A Summer In Europe,Travel,£44.34
The Great Railway Bazaar,Travel,£30.54
A Year in Provence (Provence #1),Travel,£56.88
The Road to Little Dribbling: Adventures of an American in Britain (Notes From a Small Island #2),Travel,£23.21
Neither Here nor There: Travels in Europe,Travel,£38.95
"1,000 Places to See Before You Die",Travel,£26.08
Sharp Objects,Mystery,£47.82
"In a Dark, Dark Wood",Mystery,£19.63
The Past Never Ends,Mystery,£56.50
A Murder in Time,Mystery,£16.64
The Murder of Roger Ackroyd (Hercule Poirot #4),Mystery,£44.10
The Last Mile (Amos Decker #2),Mystery,£54.21
That Darkness (Gardiner and Renner #1),Mystery,£13.92
Tastes Like Fear (DI Marnie Rome #3),Mystery,£10.69
A Time of Torment (Charlie Parker #14),Mystery,£48.35
A Study in Scarlet (Sherlock Holmes #1),Mystery,£16.73
Poisonous (Max Revere Novels #3),Mystery,£26.80
Murder at the 42nd Street Library (Raymond Ambler #1),Mystery,£54.36
Most Wanted,Mystery,£35.28
Hide Away (Eve Duncan #20),Mystery,£11.84
Boar Island (Anna Pigeon #19),Mystery,£59.48
The Widow,Mystery,£27.26
Playing with Fire,Mystery,£13.71
What Happened on Beale Street (Secrets of the South Mysteries #2),Mystery,£25.37
The Bachelor Girl's Guide to Murder (Herringford and Watts Mysteries #1),Mystery,£52.30
Delivering the Truth (Quaker Midwife Mystery #1),Mystery,£20.89
The Mysterious Affair at Styles (Hercule Poirot #1),Mystery,£24.80
In the Woods (Dublin Murder Squad #1),Mystery,£38.38
The Silkworm (Cormoran Strike #2),Mystery,£23.05
The Exiled,Mystery,£43.45
The Cuckoo's Calling (Cormoran Strike #1),Mystery,£19.21
Extreme Prey (Lucas Davenport #26),Mystery,£25.40
Career of Evil (Cormoran Strike #3),Mystery,£24.72
The No. 1 Ladies' Detective Agency (No. 1 Ladies' Detective Agency #1),Mystery,£57.70
The Girl You Lost,Mystery,£12.29
The Girl In The Ice (DCI Erika Foster #1),Mystery,£15.85
Blood Defense (Samantha Brinkman #1),Mystery,£20.30
1st to Die (Women's Murder Club #1),Mystery,£53.98
Tipping the Velvet,Historical Fiction,£53.74
Forever and Forever: The Courtship of Henry Longfellow and Fanny Appleton,Historical Fiction,£29.69
A Flight of Arrows (The Pathfinders #2),Historical Fiction,£55.53
The House by the Lake,Historical Fiction,£36.95
Mrs. Houdini,Historical Fiction,£30.25
The Marriage of Opposites,Historical Fiction,£28.08
Glory over Everything: Beyond The Kitchen House,Historical Fiction,£45.84
"Love, Lies and Spies",Historical Fiction,£20.55
A Paris Apartment,Historical Fiction,£39.01
Lilac Girls,Historical Fiction,£17.28
The Constant Princess (The Tudor Court #1),Historical Fiction,£16.62
The Invention of Wings,Historical Fiction,£37.34
World Without End (The Pillars of the Earth #2),Historical Fiction,£32.97
The Passion of Dolssa,Historical Fiction,£28.32
Girl With a Pearl Earring,Historical Fiction,£26.77
Voyager (Outlander #3),Historical Fiction,£21.07
The Red Tent,Historical Fiction,£35.66
The Last Painting of Sara de Vos,Historical Fiction,£55.55
The Guernsey Literary and Potato Peel Pie Society,Historical Fiction,£49.53
Girl in the Blue Coat,Historical Fiction,£46.83
Between Shades of Gray,Historical Fiction,£20.79
While You Were Mine,Historical Fiction,£41.32
The Secret Healer,Historical Fiction,£34.56
Starlark,Historical Fiction,£25.83
Lost Among the Living,Historical Fiction,£27.70
A Spy's Devotion (The Regency Spies of London #1),Historical Fiction,£16.97
Scott Pilgrim's Precious Little Life (Scott Pilgrim #1),Sequential Art,£52.29
Tsubasa: WoRLD CHRoNiCLE 2 (Tsubasa WoRLD CHRoNiCLE #2),Sequential Art,£16.28
This One Summer,Sequential Art,£19.49
The Nameless City (The Nameless City #1),Sequential Art,£38.16
"Saga, Volume 5 (Saga (Collected Editions) #5)",Sequential Art,£51.04
"Rat Queens, Vol. 3: Demons (Rat Queens (Collected Editions) #11-15)",Sequential Art,£50.40
"Princess Jellyfish 2-in-1 Omnibus, Vol. 01 (Princess Jellyfish 2-in-1 Omnibus #1)",Sequential Art,£13.61
"Pop Gun War, Volume 1: Gift",Sequential Art,£18.97
Patience,Sequential Art,£10.16
"Outcast, Vol. 1: A Darkness Surrounds Him (Outcast #1)",Sequential Art,£15.44
orange: The Complete Collection 1 (orange: The Complete Collection #1),Sequential Art,£48.41
"Lumberjanes, Vol. 2: Friendship to the Max (Lumberjanes #5-8)",Sequential Art,£46.91
"Lumberjanes, Vol. 1: Beware the Kitten Holy (Lumberjanes #1-4)",Sequential Art,£45.61
Lumberjanes Vol. 3: A Terrible Plan (Lumberjanes #9-12),Sequential Art,£19.92
"I Hate Fairyland, Vol. 1: Madly Ever After (I Hate Fairyland (Compilations) #1-5)",Sequential Art,£29.17
I am a Hero Omnibus Volume 1,Sequential Art,£54.63
"Giant Days, Vol. 2 (Giant Days #5-8)",Sequential Art,£22.11
Danganronpa Volume 1,Sequential Art,£51.99
"Codename Baboushka, Volume 1: The Conclave of Death",Sequential Art,£36.72
Camp Midnight,Sequential Art,£17.08
"Bitch Planet, Vol. 1: Extraordinary Machine (Bitch Planet (Collected Editions))",Sequential Art,£37.92
The Shadow Hero (The Shadow Hero),Sequential Art,£33.14
"Fables, Vol. 1: Legends in Exile (Fables #1)",Sequential Art,£41.62
Batman: The Long Halloween (Batman),Sequential Art,£36.50
Batman: The Dark Knight Returns (Batman),Sequential Art,£15.38
"Wonder Woman: Earth One, Volume One (Wonder Woman: Earth One #1)",Sequential Art,£37.34
"We Are Robin, Vol. 1: The Vigilante Business (We Are Robin #1)",Sequential Art,£53.90
Through the Woods,Sequential Art,£25.38
Superman Vol. 1: Before Truth (Superman by Gene Luen Yang #1),Sequential Art,£11.89
"So Cute It Hurts!!, Vol. 6 (So Cute It Hurts!! #6)",Sequential Art,£35.43
Robin War,Sequential Art,£47.82
"Red Hood/Arsenal, Vol. 1: Open for Business (Red Hood/Arsenal #1)",Sequential Art,£25.48
"Naruto (3-in-1 Edition), Vol. 14: Includes Vols. 40, 41 & 42 (Naruto: Omnibus #14)",Sequential Art,£38.39
Lowriders to the Center of the Earth (Lowriders in Space #2),Sequential Art,£51.51
El Deafo,Sequential Art,£57.62
Batman: Europa,Sequential Art,£32.01
Art Ops Vol. 1,Sequential Art,£48.80
"Adulthood Is a Myth: A ""Sarah's Scribbles"" Collection",Sequential Art,£10.90
"Fruits Basket, Vol. 9 (Fruits Basket #9)",Sequential Art,£33.95
Roller Girl,Sequential Art,£14.10
"Fruits Basket, Vol. 7 (Fruits Basket #7)",Sequential Art,£19.57
"Fruits Basket, Vol. 6 (Fruits Basket #6)",Sequential Art,£20.96
"Death Note, Vol. 6: Give-and-Take (Death Note #6)",Sequential Art,£36.39
"Fruits Basket, Vol. 5 (Fruits Basket #5)",Sequential Art,£16.33
"Death Note, Vol. 5: Whiteout (Death Note #5)",Sequential Art,£52.41
"The Demon Prince of Momochi House, Vol. 4 (The Demon Prince of Momochi House #4)",Sequential Art,£27.88
"Fruits Basket, Vol. 4 (Fruits Basket #4)",Sequential Art,£50.44
"The Wicked + The Divine, Vol. 3: Commercial Suicide (The Wicked + The Divine)",Sequential Art,£14.41
"The Sandman, Vol. 3: Dream Country (The Sandman (volumes) #3)",Sequential Art,£55.55
"Saga, Volume 3 (Saga (Collected Editions) #3)",Sequential Art,£21.57
Prodigy: The Graphic Novel (Legend: The Graphic Novel #2),Sequential Art,£43.63
Persepolis: The Story of a Childhood (Persepolis #1-2),Sequential Art,£39.13
Original Fake,Sequential Art,£31.45
"Grayson, Vol 3: Nemesis (Grayson #3)",Sequential Art,£42.72
"Fruits Basket, Vol. 3 (Fruits Basket #3)",Sequential Art,£45.17
"Black Butler, Vol. 1 (Black Butler #1)",Sequential Art,£49.31
Awkward,Sequential Art,£38.02
"The Sandman, Vol. 2: The Doll's House (The Sandman (volumes) #2)",Sequential Art,£54.81
"Saga, Volume 2 (Saga (Collected Editions) #2)",Sequential Art,£11.75
"Fruits Basket, Vol. 2 (Fruits Basket #2)",Sequential Art,£11.64
"Y: The Last Man, Vol. 1: Unmanned (Y: The Last Man #1)",Sequential Art,£18.51
"The Wicked + The Divine, Vol. 1: The Faust Act (The Wicked + The Divine)",Sequential Art,£36.52
"The Sandman, Vol. 1: Preludes and Nocturnes (The Sandman (volumes) #1)",Sequential Art,£54.12
The Complete Maus (Maus #1-2),Sequential Art,£10.64
"Skip Beat!, Vol. 01 (Skip Beat! #1)",Sequential Art,£42.12
"Saga, Volume 1 (Saga (Collected Editions) #1)",Sequential Art,£28.48
"Rat Queens, Vol. 1: Sass & Sorcery (Rat Queens (Collected Editions) #1-5)",Sequential Art,£46.96
"Paper Girls, Vol. 1 (Paper Girls #1-5)",Sequential Art,£21.71
"Ouran High School Host Club, Vol. 1 (Ouran High School Host Club #1)",Sequential Art,£29.87
"Ms. Marvel, Vol. 1: No Normal (Ms. Marvel (2014-2015) #1)",Sequential Art,£39.39
"Hawkeye, Vol. 1: My Life as a Weapon (Hawkeye #1)",Sequential Art,£45.24
"Giant Days, Vol. 1 (Giant Days #1-4)",Sequential Art,£56.76
"Fruits Basket, Vol. 1 (Fruits Basket #1)",Sequential Art,£40.28
"Bleach, Vol. 1: Strawberry and the Soul Reapers (Bleach #1)",Sequential Art,£34.65
"Ajin: Demi-Human, Volume 1 (Ajin: Demi-Human #1)",Sequential Art,£57.06
The Secret Garden,Classics,£15.08
The Metamorphosis,Classics,£28.58
The Pilgrim's Progress,Classics,£50.26
The Hound of the Baskervilles (Sherlock Holmes #5),Classics,£14.82
Little Women (Little Women #1),Classics,£28.07
Gone with the Wind,Classics,£32.49
Candide,Classics,£58.63
Animal Farm,Classics,£57.22
Wuthering Heights,Classics,£17.73
The Picture of Dorian Gray,Classics,£29.70
The Complete Stories and Poems (The Works of Edgar Allan Poe [Cameo Edition]),Classics,£26.78
Beowulf,Classics,£38.35
And Then There Were None,Classics,£35.01
The Story of Hong Gildong,Classics,£43.19
The Little Prince,Classics,£45.42
Sense and Sensibility,Classics,£37.46
Of Mice and Men,Classics,£47.11
Emma,Classics,£32.93
Alice in Wonderland (Alice's Adventures in Wonderland #1),Classics,£55.53
Sophie's World,Philosophy,£15.94
The Death of Humanity: and the Case for Life,Philosophy,£58.11
The Stranger,Philosophy,£17.44
Proofs of God: Classical Arguments from Tertullian to Barth,Philosophy,£54.21
Kierkegaard: A Christian Missionary to Christians,Philosophy,£47.13
"At The Existentialist CafÃ©: Freedom, Being, and apricot cocktails with: Jean-Paul Sartre, Simone de Beauvoir, Albert Camus, Martin Heidegger, Edmund Husserl, Karl Jaspers, Maurice Merleau-Ponty and others",Philosophy,£29.93
Critique of Pure Reason,Philosophy,£20.75
"Run, Spot, Run: The Ethics of Keeping Pets",Philosophy,£20.02
The Nicomachean Ethics,Philosophy,£36.34
Meditations,Philosophy,£25.89
Beyond Good and Evil,Philosophy,£43.38
Chase Me (Paris Nights #2),Romance,£25.27
Black Dust,Romance,£34.53
Her Backup Boyfriend (The Sorensen Family #1),Romance,£33.97
First and First (Five Boroughs #3),Romance,£15.97
Fifty Shades Darker (Fifty Shades #2),Romance,£21.96
The Wedding Dress,Romance,£24.12
Suddenly in Love (Lake Haven #1),Romance,£55.99
Something More Than This,Romance,£16.24
Doing It Over (Most Likely To #1),Romance,£35.61
The Wedding Pact (The O'Malleys #2),Romance,£32.61
Hold Your Breath (Search and Rescue #1),Romance,£28.82
Dirty (Dive Bar #1),Romance,£40.83
Take Me Home Tonight (Rock Star Romance #3),Romance,£53.98
Off the Hook (Fishing for Trouble #1),Romance,£47.67
A Gentleman's Position (Society of Gentlemen #3),Romance,£14.75
"Sit, Stay, Love",Romance,£20.90
A Girl's Guide to Moving On (New Beginnings #2),Romance,£31.30
The Perfect Play (Play by Play #1),Romance,£59.99
Dark Lover (Black Dagger Brotherhood #1),Romance,£12.87
Changing the Game (Play by Play #2),Romance,£13.38
A Walk to Remember,Romance,£56.43
The Purest Hook (Second Circle Tattoos #3),Romance,£12.25
The Obsession,Romance,£45.43
Reservations for Two,Romance,£11.10
Best of My Love (Fool's Gold #20),Romance,£27.41
Where Lightning Strikes (Bleeding Stars #3),Romance,£39.77
This One Moment (Pushing Limits #1),Romance,£48.71
"Rhythm, Chord & Malykhin",Romance,£28.34
My Perfect Mistake (Over the Top #1),Romance,£38.92
Listen to Me (Fusion #1),Romance,£58.99
Imperfect Harmony,Romance,£34.74
Fighting Fate (Fighting #6),Romance,£39.24
Deep Under (Walker Security #1),Romance,£47.09
Charity's Cross (Charles Towne Belles #4),Romance,£41.24
Bounty (Colorado Mountain #7),Romance,£37.26
I Had a Nice Time And Other Lies...: How to find love & sh*t like that,Womens Fiction,£57.36
Will You Won't You Want Me?,Womens Fiction,£13.86
Keep Me Posted,Womens Fiction,£20.46
Grey (Fifty Shades #4),Womens Fiction,£48.49
Meternity,Womens Fiction,£43.58
Some Women,Womens Fiction,£13.73
Shopaholic Ties the Knot (Shopaholic #3),Womens Fiction,£48.39
Can You Keep a Secret?,Womens Fiction,£21.94
Twenties Girl,Womens Fiction,£42.80
The Undomestic Goddess,Womens Fiction,£45.75
The Nanny Diaries (Nanny #1),Womens Fiction,£52.53
The Devil Wears Prada (The Devil Wears Prada #1),Womens Fiction,£44.29
Something Borrowed (Darcy & Rachel #1),Womens Fiction,£48.96
Something Blue (Darcy & Rachel #2),Womens Fiction,£54.62
I've Got Your Number,Womens Fiction,£19.69
The Edge of Reason (Bridget Jones #2),Womens Fiction,£19.18
Bridget Jones's Diary (Bridget Jones #1),Womens Fiction,£29.82
Soumission,Fiction,£50.10
Private Paris (Private #10),Fiction,£47.61
"We Love You, Charlie Freeman",Fiction,£50.27
Thirst,Fiction,£17.27
The Murder That Never Was (Forensic Instincts #5),Fiction,£54.11
Tuesday Nights in 1980,Fiction,£21.04
The Vacationers,Fiction,£42.15
The Regional Office Is Under Attack!,Fiction,£51.36
Finders Keepers (Bill Hodges Trilogy #2),Fiction,£53.53
The Time Keeper,Fiction,£27.88
The Testament of Mary,Fiction,£52.67
The First Hostage (J.B. Collins #2),Fiction,£25.85
Take Me with You,Fiction,£45.21
Still Life with Bread Crumbs,Fiction,£26.41
Shtum,Fiction,£55.84
My Name Is Lucy Barton,Fiction,£41.56
My Mrs. Brown,Fiction,£24.48
Mr. Mercedes (Bill Hodges Trilogy #1),Fiction,£28.90
I Am Pilgrim (Pilgrim #1),Fiction,£10.60
Eligible (The Austen Project #4),Fiction,£27.09
Eight Hundred Grapes,Fiction,£14.39
Dear Mr. Knightley,Fiction,£11.21
Cometh the Hour (The Clifton Chronicles #6),Fiction,£25.01
Balloon Animals,Fiction,£17.03
A Man Called Ove,Fiction,£39.72
The Silent Sister (Riley MacPherson #1),Fiction,£46.29
The Dinner Party,Fiction,£56.54
The Improbability of Love,Fiction,£59.45
Mothering Sunday,Fiction,£13.34
Lies and Other Acts of Love,Fiction,£45.14
Daredevils,Fiction,£16.34
11/22/63,Fiction,£48.48
The Shack,Fiction,£28.03
The High Mountains of Portugal,Fiction,£51.15
Miller's Valley,Fiction,£58.54
Hystopia: A Novel,Fiction,£21.96
The Bourne Identity (Jason Bourne #1),Fiction,£42.78
Sister Dear,Fiction,£40.20
Memoirs of a Geisha,Fiction,£49.67
Me Before You (Me Before You #1),Fiction,£19.02
Deception Point,Fiction,£40.32
The Little Paris Bookshop,Fiction,£24.73
The Firm,Fiction,£45.56
The Expatriates,Fiction,£44.58
Siddhartha,Fiction,£34.22
Last One Home (New Beginnings #1),Fiction,£59.98
Digital Fortress,Fiction,£58.00
Atlas Shrugged,Fiction,£26.58
Three-Martini Lunch,Fiction,£23.21
The Nightingale,Fiction,£26.26
The Infinities,Fiction,£27.41
The Husband's Secret,Fiction,£52.51
The Da Vinci Code (Robert Langdon #2),Fiction,£22.96
The Art of Fielding,Fiction,£22.10
Lila (Gilead #3),Fiction,£12.47
Jurassic Park (Jurassic Park #1),Fiction,£44.97
Inferno (Robert Langdon #4),Fiction,£41.00
Crazy Rich Asians (Crazy Rich Asians #1),Fiction,£49.13
Big Little Lies,Fiction,£22.11
The Course of Love,Fiction,£16.78
When I'm Gone,Fiction,£51.96
The Silent Wife,Fiction,£12.34
The Bette Davis Club,Fiction,£30.66
Kitchens of the Great Midwest,Fiction,£57.20
Bright Lines,Fiction,£39.07
Birdsong: A Story in Pictures,Childrens,£54.64
The Bear and the Piano,Childrens,£36.89
The Secret of Dreadwillow Carse,Childrens,£56.13
The White Cat and the Monk: A Retelling of the Poem âPangur BÃ¡nâ,Childrens,£58.08
Little Red,Childrens,£13.47
Walt Disney's Alice in Wonderland,Childrens,£12.96
Twenty Yawns,Childrens,£22.08
Rain Fish,Childrens,£23.57
Once Was a Time,Childrens,£18.28
Luis Paints the World,Childrens,£53.95
Nap-a-Roo,Childrens,£25.08
The Whale,Childrens,£35.96
"Shrunken Treasures: Literary Classics, Short, Sweet, and Silly",Childrens,£52.87
Raymie Nightingale,Childrens,£34.41
Playing from the Heart,Childrens,£32.38
Maybe Something Beautiful: How Art Transformed a Neighborhood,Childrens,£22.54
The Wild Robot,Childrens,£56.07
The Thing About Jellyfish,Childrens,£48.77
The Lonely Ones,Childrens,£43.59
The Day the Crayons Came Home (Crayons),Childrens,£26.33
The Cat in the Hat (Beginner Books B-1),Childrens,£16.26
Red: The True Story of Red Riding Hood,Childrens,£28.54
Horrible Bear!,Childrens,£37.52
Green Eggs and Ham (Beginner Books B-16),Childrens,£10.79
Counting Thyme,Childrens,£10.62
Are We There Yet?,Childrens,£10.66
Diary of a Minecraft Zombie Book 1: A Scare of a Dare (An Unofficial Minecraft Book),Childrens,£52.88
Matilda,Childrens,£28.34
Charlie and the Chocolate Factory (Charlie Bucket #1),Childrens,£22.85
"Don't Be a Jerk: And Other Practical Advice from Dogen, Japan's Greatest Zen Master",Religion,£37.97
You Are What You Love: The Spiritual Power of Habit,Religion,£21.87
God: The Most Unpleasant Character in All Fiction,Religion,£30.03
The Book of Mormon,Religion,£24.57
"A History of God: The 4,000-Year Quest of Judaism, Christianity, and Islam",Religion,£27.62
The Bhagavad Gita,Religion,£57.49
Choosing Our Religion: The Spiritual Lives of America's Nones,Religion,£28.42
Worlds Elsewhere: Journeys Around Shakespeareâs Globe,Nonfiction,£40.30
The Five Love Languages: How to Express Heartfelt Commitment to Your Mate,Nonfiction,£31.05
Reasons to Stay Alive,Nonfiction,£26.41
#HigherSelfie: Wake Up Your Life. Free Your Soul. Find Your Tribe.,Nonfiction,£23.11
"Unseen City: The Majesty of Pigeons, the Discreet Charm of Snails & Other Wonders of the Urban Wilderness",Nonfiction,£44.18
Throwing Rocks at the Google Bus: How Growth Became the Enemy of Prosperity,Nonfiction,£31.12
The Life-Changing Magic of Tidying Up: The Japanese Art of Decluttering and Organizing,Nonfiction,£16.77
The Gutsy Girl: Escapades for Your Life of Epic Adventure,Nonfiction,£37.13
The Electric Pencil: Drawings from Inside State Hospital No. 3,Nonfiction,£56.06
Spark Joy: An Illustrated Master Class on the Art of Organizing and Tidying Up,Nonfiction,£41.83
Reskilling America: Learning to Labor in the Twenty-First Century,Nonfiction,£19.83
In the Country We Love: My Family Divided,Nonfiction,£22.00
Everydata: The Misinformation Hidden in the Little Data You Consume Every Day,Nonfiction,£54.35
Call the Nurse: True Stories of a Country Nurse on a Scottish Isle,Nonfiction,£29.14
Algorithms to Live By: The Computer Science of Human Decisions,Nonfiction,£30.81
The Power of Now: A Guide to Spiritual Enlightenment,Nonfiction,£43.54
The Omnivore's Dilemma: A Natural History of Four Meals,Nonfiction,£38.21
The Genius of Birds,Nonfiction,£17.24
The Artist's Way: A Spiritual Path to Higher Creativity,Nonfiction,£38.49
So You've Been Publicly Shamed,Nonfiction,£12.23
"Daring Greatly: How the Courage to Be Vulnerable Transforms the Way We Live, Love, Parent, and Lead",Nonfiction,£19.43
Big Magic: Creative Living Beyond Fear,Nonfiction,£30.80
Becoming Wise: An Inquiry into the Mystery and Art of Living,Nonfiction,£27.43
Agnostic: A Spirited Manifesto,Nonfiction,£12.51
Whole Lotta Creativity Going On: 60 Fun and Unusual Exercises to Awaken and Strengthen Your Creativity,Nonfiction,£38.20
What's It Like in Space?: Stories from Astronauts Who've Been There,Nonfiction,£19.60
The Year of Magical Thinking,Nonfiction,£43.04
The Literature Book (Big Ideas Simply Explained),Nonfiction,£17.43
The Bad-Ass Librarians of Timbuktu: And Their Race to Save the Worldâs Most Precious Manuscripts,Nonfiction,£15.77
Swell: A Year of Waves,Nonfiction,£45.58
No Dream Is Too High: Life Lessons From a Man Who Walked on the Moon,Nonfiction,£21.95
Looking for Lovely: Collecting the Moments that Matter,Nonfiction,£29.14
Let It Out: A Journey Through Journaling,Nonfiction,£26.79
Hamilton: The Revolution,Nonfiction,£58.79
"Far & Away: Places on the Brink of Change: Seven Continents, Twenty-Five Years",Nonfiction,£15.06
"Eaternity: More than 150 Deliciously Easy Vegan Recipes for a Long, Healthy, Satisfied, Joyful Life",Nonfiction,£51.75
Buying In: The Secret Dialogue Between What We Buy and Who We Are,Nonfiction,£37.80
Brain on Fire: My Month of Madness,Nonfiction,£49.32
Abstract City,Nonfiction,£56.37
13 Hours: The Inside Account of What Really Happened In Benghazi,Nonfiction,£27.06
The Lonely City: Adventures in the Art of Being Alone,Nonfiction,£33.26
The Diary of a Young Girl,Nonfiction,£59.90
Snatched: How A Drug Queen Went Undercover for the DEA and Was Kidnapped By Colombian Guerillas,Nonfiction,£21.21
Furiously Happy: A Funny Book About Horrible Things,Nonfiction,£41.46
"The Sleep Revolution: Transforming Your Life, One Night at a Time",Nonfiction,£11.68
"Mother, Can You Not?",Nonfiction,£16.89
A Mother's Reckoning: Living in the Aftermath of Tragedy,Nonfiction,£19.53
"10% Happier: How I Tamed the Voice in My Head, Reduced Stress Without Losing My Edge, and Found Self-Help That Actually Works",Nonfiction,£24.57
Chernobyl 01:23:40: The Incredible True Story of the World's Worst Nuclear Disaster,Nonfiction,£35.92
"Zero to One: Notes on Startups, or How to Build the Future",Nonfiction,£34.06
Why Not Me?,Nonfiction,£17.76
When Breath Becomes Air,Nonfiction,£39.36
"The Midnight Assassin: Panic, Scandal, and the Hunt for America's First Serial Killer",Nonfiction,£28.45
Smarter Faster Better: The Secrets of Being Productive in Life and Business,Nonfiction,£38.89
Rising Strong,Nonfiction,£21.82
Man's Search for Meaning,Nonfiction,£29.48
"Love That Boy: What Two Presidents, Eight Road Trips, and My Son Taught Me About a Parent's Expectations",Nonfiction,£25.06
Living Forward: A Proven Plan to Stop Drifting and Get the Life You Want,Nonfiction,£12.55
I Will Find You,Nonfiction,£44.21
Brazen: The Courage to Find the You That's Been Hiding,Nonfiction,£19.22
Between the World and Me,Nonfiction,£56.91
Being Mortal: Medicine and What Matters in the End,Nonfiction,£55.06
"A Murder Over a Girl: Justice, Gender, Junior High",Nonfiction,£13.20
For the Love: Fighting for Grace in a World of Impossible Standards,Nonfiction,£45.13
Finding God in the Ruins: How God Redeems Pain,Nonfiction,£46.64
The Man Who Mistook His Wife for a Hat and Other Clinical Tales,Nonfiction,£59.45
In Cold Blood,Nonfiction,£49.98
"Girl, Interrupted",Nonfiction,£42.14
Why Save the Bankers?: And Other Essays on Our Economic and Political Crisis,Nonfiction,£48.67
Talking to Girls About Duran Duran: One Young Man's Quest for True Love and a Cooler Haircut,Nonfiction,£25.15
My Mother Was Nuts,Nonfiction,£31.63
"Data, A Love Story: How I Gamed Online Dating to Meet My Match",Nonfiction,£32.35
The Jazz of Physics: The Secret Link Between Music and the Structure of the Universe,Nonfiction,£38.71
The Gunning of America: Business and the Making of American Gun Culture,Nonfiction,£16.81
The Geography of Bliss: One Grump's Search for the Happiest Places in the World,Nonfiction,£28.23
God Is Not Great: How Religion Poisons Everything,Nonfiction,£27.80
We the People: The Modern-Day Figures Who Have Reshaped and Affirmed the Founding Fathers' Vision of America,Nonfiction,£31.95
Very Good Lives: The Fringe Benefits of Failure and the Importance of Imagination,Nonfiction,£50.66
"Unstuffed: Decluttering Your Home, Mind, and Soul",Nonfiction,£58.09
Under the Banner of Heaven: A Story of Violent Faith,Nonfiction,£30.00
"Trespassing Across America: One Man's Epic, Never-Done-Before (and Sort of Illegal) Hike Across the Heartland",Nonfiction,£53.51
The Name of God is Mercy,Nonfiction,£37.25
Stiff: The Curious Lives of Human Cadavers,Nonfiction,£36.74
Spilled Milk: Based on a True Story,Nonfiction,£49.51
"Rise of the Rocket Girls: The Women Who Propelled Us, from Missiles to the Moon to Mars",Nonfiction,£41.67
Outliers: The Story of Success,Nonfiction,£14.16
Notes from a Small Island (Notes From a Small Island #1),Nonfiction,£40.17
Night (The Night Trilogy #1),Nonfiction,£13.51
"Miracles from Heaven: A Little Girl, Her Journey to Heaven, and Her Amazing Story of Healing",Nonfiction,£57.83
Letter to a Christian Nation,Nonfiction,£22.20
Let's Pretend This Never Happened: A Mostly True Memoir,Nonfiction,£45.11
It's Never Too Late to Begin Again: Discovering Creativity and Meaning at Midlife and Beyond,Nonfiction,£42.38
Into the Wild,Nonfiction,£56.70
"In the Garden of Beasts: Love, Terror, and an American Family in Hitler's Berlin",Nonfiction,£28.85
I Am Malala: The Girl Who Stood Up for Education and Was Shot by the Taliban,Nonfiction,£28.88
Gratitude,Nonfiction,£26.66
Disrupted: My Misadventure in the Start-Up Bubble,Nonfiction,£15.28
Brave Enough,Nonfiction,£51.32
"Born to Run: A Hidden Tribe, Superathletes, and the Greatest Race the World Has Never Seen",Nonfiction,£27.35
Blink: The Power of Thinking Without Thinking,Nonfiction,£21.74
Black Flags: The Rise of ISIS,Nonfiction,£40.87
Are We Smart Enough to Know How Smart Animals Are?,Nonfiction,£56.58
A Walk in the Woods: Rediscovering America on the Appalachian Trail,Nonfiction,£30.48
"The Suffragettes (Little Black Classics, #96)",Nonfiction,£11.89
Kindle Paperwhite User's Guide,Nonfiction,£34.00
H is for Hawk,Nonfiction,£57.42
Travels with Charley: In Search of America,Nonfiction,£57.82
The Tumor,Nonfiction,£41.56
The End of the Jesus Era (An Investigation #1),Nonfiction,£14.40
"Eat, Pray, Love",Nonfiction,£51.32
Rip it Up and Start Again,Music,£35.02
"Our Band Could Be Your Life: Scenes from the American Indie Underground, 1981-1991",Music,£57.25
How Music Works,Music,£37.32
Love Is a Mix Tape (Music #1),Music,£18.03
Please Kill Me: The Uncensored Oral History of Punk,Music,£31.19
Kill 'Em and Leave: Searching for James Brown and the American Soul,Music,£45.05
"Chronicles, Vol. 1",Music,£52.60
This Is Your Brain on Music: The Science of a Human Obsession,Music,£38.40
"Orchestra of Exiles: The Story of Bronislaw Huberman, the Israel Philharmonic, and the One Thousand Jews He Saved from Nazi Horrors",Music,£12.36
No One Here Gets Out Alive,Music,£20.02
Life,Music,£31.58
Old Records Never Die: One Man's Quest for His Vinyl and His Past,Music,£55.66
Forever Rockers (The Rocker #12),Music,£28.80
"The Coming Woman: A Novel Based on the Life of the Infamous Feminist, Victoria Woodhull",Default,£17.93
The Boys in the Boat: Nine Americans and Their Epic Quest for Gold at the 1936 Berlin Olympics,Default,£22.60
"Starving Hearts (Triangular Trade Trilogy, #1)",Default,£13.99
America's Cradle of Quarterbacks: Western Pennsylvania's Football Factory from Johnny Unitas to Joe Montana,Default,£22.50
Aladdin and His Wonderful Lamp,Default,£53.13
Penny Maybe,Default,£33.29
Maude (1883-1993):She Grew Up with the country,Default,£18.02
"The Inefficiency Assassin: Time Management Tactics for Working Smarter, Not Longer",Default,£20.59
Soul Reader,Default,£39.58
Bossypants,Default,£49.46
A World of Flavor: Your Gluten Free Passport,Default,£42.95
"A Piece of Sky, a Grain of Rice: A Memoir in Four Meditations",Default,£56.76
Tracing Numbers on a Train,Default,£41.60
Thirteen Reasons Why,Default,£52.72
The Secret (The Secret #1),Default,£27.37
The Psychopath Test: A Journey Through the Madness Industry,Default,£36.00
The Kite Runner,Default,£41.82
The Girl on the Train,Default,£55.02
The Emerald Mystery,Default,£23.15
The Bridge to Consciousness: I'm Writing the Bridge Between Science and Our Old and New Beliefs.,Default,£32.00
The Art of War,Default,£33.34
Secrets and Lace (Fatal Hearts #1),Default,£20.27
Romero and Juliet: A Tragic Tale of Love and Zombies,Default,£36.94
Poses for Artists Volume 1 - Dynamic and Sitting Poses: An Essential Reference for Figure Drawing and the Human Form,Default,£41.06
Miss Peregrineâs Home for Peculiar Children (Miss Peregrineâs Peculiar Children #1),Default,£10.76
Large Print Heart of the Pride,Default,£19.15
Grumbles,Default,£22.16
First Steps for New Christians (Print Edition),Default,£29.00
Eureka Trivia 6.0,Default,£54.59
Drive: The Surprising Truth About What Motivates Us,Default,£34.95
Done Rubbed Out (Reightman & Bailey #1),Default,£37.72
Beauty Restored (Riley Family Legacy Novellas #3),Default,£11.11
Ayumi's Violin,Default,£15.48
Anonymous,Default,£46.82
Amy Meets the Saints and Sages,Default,£18.46
Amatus,Default,£50.54
V for Vendetta (V for Vendetta Complete),Default,£37.10
"Unbroken: A World War II Story of Survival, Resilience, and Redemption",Default,£45.95
The Wright Brothers,Default,£56.80
The Songs of the Gods,Default,£44.48
The Rosie Project (Don Tillman #1),Default,£54.04
The Power of Habit: Why We Do What We Do in Life and Business,Default,£16.88
Steve Jobs,Default,£39.50
Luckiest Girl Alive,Default,£49.83
"Living Leadership by Insight: A Good Leader Achieves, a Great Leader Builds Monuments",Default,£46.91
Lady Midnight (The Dark Artifices #1),Default,£16.28
"Hush, Hush (Hush, Hush #1)",Default,£47.02
Greek Mythic History,Default,£10.23
Every Last Word,Default,£46.47
Daily Fantasy Sports,Default,£36.58
Clockwork Angel (The Infernal Devices #1),Default,£44.14
City of Fallen Angels (The Mortal Instruments #4),Default,£11.23
City of Bones (The Mortal Instruments #1),Default,£43.28
City of Ashes (The Mortal Instruments #2),Default,£47.27
"Carry On, Warrior: Thoughts on Life Unarmed",Default,£31.85
Carrie,Default,£46.23
Angels & Demons (Robert Langdon #1),Default,£51.48
"The Three Searches, Meaning, and the Story",Default,£13.33
Raspberry Pi Electronics Projects for the Evil Genius,Default,£49.67
How to Speak Golf: An Illustrated Guide to Links Lingo,Default,£58.32
Eleanor & Park,Default,£56.51
Troublemaker: Surviving Hollywood and Scientology,Default,£48.39
Adultery,Default,£20.88
Unlimited Intuition Now,Default,£58.87
Underlying Notes,Default,£11.82
The New Brand You: Your New Image Makes the Sale for You,Default,£44.05
The Flowers Lied,Default,£16.68
"NaNo What Now? Finding your editing process, revising your NaNoWriMo book and building a writing career through publishing and beyond",Default,£10.41
Modern Day Fables,Default,£47.44
The Unlikely Pilgrimage of Harold Fry (Harold Fry #1),Default,£43.62
The Martian (The Martian #1),Default,£41.39
Left Behind (Left Behind #1),Default,£40.72
John Vassos: Industrial Design for Modern Life,Default,£20.22
I'll Give You the Sun,Default,£56.48
Heaven is for Real: A Little Boy's Astounding Story of His Trip to Heaven and Back,Default,£52.86
Ender's Game (The Ender Quintet #1),Default,£43.64
Death by Leisure: A Cautionary Tale,Default,£37.51
Wildlife of New York: A Five-Borough Coloring Book,Default,£22.14
The Year of Living Biblically: One Man's Humble Quest to Follow the Bible as Literally as Possible,Default,£34.72
The Great Gatsby,Default,£36.05
The Good Girl,Default,£49.03
The 7 Habits of Highly Effective People: Powerful Lessons in Personal Change,Default,£33.17
Steal Like an Artist: 10 Things Nobody Told You About Being Creative,Default,£20.90
Life of Pi,Default,£13.22
The Sound Of Love,Default,£57.84
The Perks of Being a Wallflower,Default,£55.02
The Makings of a Fatherless Child,Default,£31.58
The Hobbit (Middle-Earth Universe),Default,£17.80
The Fellowship of the Ring (The Lord of the Rings #1),Default,£10.27
Ship Leaves Harbor: Essays on Travel by a Recovering Journeyman,Default,£30.60
Musicophilia: Tales of Music and the Brain,Default,£46.58
What If?: Serious Scientific Answers to Absurd Hypothetical Questions,Default,£53.68
The Fault in Our Stars,Default,£47.22
The Dream Thieves (The Raven Cycle #2),Default,£34.50
The 5th Wave (The 5th Wave #1),Default,£11.83
Shiver (The Wolves of Mercy Falls #1),Default,£16.23
Remember Me?,Default,£11.48
If I Stay (If I Stay #1),Default,£38.13
I Know Why the Caged Bird Sings (Maya Angelou's Autobiography #1),Default,£36.55
Harry Potter and the Deathly Hallows (Harry Potter #7),Default,£23.32
Fool Me Once,Default,£16.96
Drama,Default,£38.70
"Blue Lily, Lily Blue (The Raven Cycle #3)",Default,£34.13
Alight (The Generations Trilogy #2),Default,£58.59
Vogue Colors A to Z: A Fashion Coloring Book,Default,£52.35
The Shining (The Shining #1),Default,£27.88
The Hunger Games (The Hunger Games #1),Default,£29.85
Outlander (Outlander #1),Default,£19.67
Mockingjay (The Hunger Games #3),Default,£20.44
Harry Potter and the Sorcerer's Stone (Harry Potter #1),Default,£13.90
Confessions of a Shopaholic (Shopaholic #1),Default,£48.94
Zero History (Blue Ant #3),Default,£34.77
World War Z: An Oral History of the Zombie War,Default,£21.80
Wild: From Lost to Found on the Pacific Crest Trail,Default,£46.02
"Where'd You Go, Bernadette",Default,£18.13
Twilight (Twilight #1),Default,£41.93
The Paris Wife,Default,£36.80
The Maze Runner (The Maze Runner #1),Default,£20.93
The Lover's Dictionary,Default,£58.09
The Goldfinch,Default,£43.58
The Giver (The Giver Quartet #1),Default,£12.30
The Girl Who Played with Fire (Millennium Trilogy #2),Default,£22.14
The Demon-Haunted World: Science as a Candle in the Dark,Default,£52.25
The Book Thief,Default,£53.49
The Autobiography of Malcolm X,Default,£23.43
Shopaholic & Baby (Shopaholic #5),Default,£46.45
Quiet: The Power of Introverts in a World That Can't Stop Talking,Default,£43.55
Packing for Mars: The Curious Science of Life in the Void,Default,£56.68
Orange Is the New Black,Default,£24.61
One for the Money (Stephanie Plum #1),Default,£32.87
Morning Star (Red Rising #3),Default,£29.40
Life After Life,Default,£26.13
"Lean In: Women, Work, and the Will to Lead",Default,£25.02
Is Everyone Hanging Out Without Me? (And Other Concerns),Default,£20.11
Gone Girl,Default,£37.60
Fellside,Default,£38.62
Eclipse (Twilight #3),Default,£18.74
Dracula,Default,£52.62
Dead Wake: The Last Crossing of the Lusitania,Default,£39.24
"David and Goliath: Underdogs, Misfits, and the Art of Battling Giants",Default,£17.81
Dark Places,Default,£23.90
Breaking Dawn (Twilight #4),Default,£35.28
Beautiful Creatures (Caster Chronicles #1),Default,£21.55
A Visit from the Goon Squad,Default,£14.08
The Zombie Room,Default,£19.69
The Name of the Wind (The Kingkiller Chronicle #1),Default,£50.59
Taking Shots (Assassins #1),Default,£18.88
Shatter Me (Shatter Me #1),Default,£42.40
Paradise Lost (Paradise #1),Default,£24.96
On the Road (Duluoz Legend),Default,£32.36
Jane Eyre,Default,£38.43
Frankenstein,Default,£38.00
Mesaerion: The Best Science Fiction Stories 1800-1849,Science Fiction,£37.59
Join,Science Fiction,£35.67
"William Shakespeare's Star Wars: Verily, A New Hope (William Shakespeare's Star Wars #4)",Science Fiction,£43.30
The Project,Science Fiction,£10.65
Soft Apocalypse,Science Fiction,£26.12
Sleeping Giants (Themis Files #1),Science Fiction,£48.74
Arena,Science Fiction,£21.36
Foundation (Foundation (Publication Order) #1),Science Fiction,£32.42
The Restaurant at the End of the Universe (Hitchhiker's Guide to the Galaxy #2),Science Fiction,£10.92
Ready Player One,Science Fiction,£19.07
"Life, the Universe and Everything (Hitchhiker's Guide to the Galaxy #3)",Science Fiction,£33.26
Dune (Dune #1),Science Fiction,£54.86
Do Androids Dream of Electric Sheep? (Blade Runner #1),Science Fiction,£51.48
Three Wishes (River of Time: California #1),Science Fiction,£44.18
The Last Girl (The Dominion Trilogy #1),Science Fiction,£36.26
Having the Barbarian's Baby (Ice Planet Barbarians #7.5),Science Fiction,£34.96
The Book of Basketball: The NBA According to The Sports Guy,Sports and Games,£44.84
"Friday Night Lights: A Town, a Team, and a Dream",Sports and Games,£51.22
Sugar Rush (Offensive Line #2),Sports and Games,£24.42
Settling the Score (The Summer Games #1),Sports and Games,£44.91
Icing (Aces Hockey #2),Sports and Games,£40.44
The Torch Is Passed: A Harding Family Story,Add a comment,£19.09
"The Mindfulness and Acceptance Workbook for Anxiety: A Guide to Breaking Free from Anxiety, Phobias, and Worry Using Acceptance and Commitment Therapy",Add a comment,£23.89
The Art Forger,Add a comment,£40.76
On a Midnight Clear,Add a comment,£14.07
Judo: Seven Steps to Black Belt (an Introductory Guide for Beginners),Add a comment,£53.90
"Shobu Samurai, Project Aryoku (#3)",Add a comment,£29.06
Modern Romance,Add a comment,£28.26
The White Queen (The Cousins' War #1),Add a comment,£25.91
The Song of Achilles,Add a comment,£37.40
The Immortal Life of Henrietta Lacks,Add a comment,£40.67
The Dovekeepers,Add a comment,£48.78
More Than Music (Chasing the Dream #1),Add a comment,£37.61
Code Name Verity (Code Name Verity #1),Add a comment,£22.13
Cell,Add a comment,£20.29
Angels Walking (Angels Walking #1),Add a comment,£34.20
"A Series of Catastrophes and Miracles: A True Story of Love, Science, and Cancer",Add a comment,£56.48
A People's History of the United States,Add a comment,£40.79
A Brush of Wings (Angels Walking #3),Add a comment,£55.51
Rook,Add a comment,£37.86
The Midnight Watch: A Novel of the Titanic and the Californian,Add a comment,£26.20
The Gray Rhino: How to Recognize and Act on the Obvious Dangers We Ignore,Add a comment,£59.15
The Children,Add a comment,£11.88
One with You (Crossfire #5),Add a comment,£15.71
Without Shame,Add a comment,£48.27
Watchmen,Add a comment,£58.05
A Hero's Curse (The Unseen Chronicles #1),Add a comment,£50.49
23 Degrees South: A Tropical Tale of Changing Whether...,Add a comment,£35.79
The Glass Castle,Add a comment,£16.24
The Drowning Girls,Add a comment,£35.67
Team of Rivals: The Political Genius of Abraham Lincoln,Add a comment,£20.12
John Adams,Add a comment,£57.43
Good in Bed (Cannie Shapiro #1),Add a comment,£37.05
The Joy of Cooking,Add a comment,£43.27
The Golden Compass (His Dark Materials #1),Add a comment,£18.77
The God Delusion,Add a comment,£46.85
Pride and Prejudice,Add a comment,£19.27
Mere Christianity,Add a comment,£48.51
Fun Home: A Family Tragicomic,Add a comment,£56.59
The Raven King (The Raven Cycle #4),Add a comment,£30.57
Find Her (Detective D.D. Warren #8),Add a comment,£22.37
Evicted: Poverty and Profit in the American City,Add a comment,£42.27
A Game of Thrones (A Song of Ice and Fire #1),Add a comment,£46.42
A Clash of Kings (A Song of Ice and Fire #2),Add a comment,£10.79
The Tipping Point: How Little Things Can Make a Big Difference,Add a comment,£10.02
The Rest Is Noise: Listening to the Twentieth Century,Add a comment,£34.77
The Purpose Driven Life: What on Earth Am I Here for?,Add a comment,£37.19
The Hitchhiker's Guide to the Galaxy (Hitchhiker's Guide to the Galaxy #1),Add a comment,£47.80
The Girl Who Kicked the Hornet's Nest (Millennium Trilogy #3),Add a comment,£57.48
"The End of Faith: Religion, Terror, and the Future of Reason",Add a comment,£22.13
The Complete Poems,Add a comment,£41.32
The Catcher in the Rye,Add a comment,£24.55
The Case for Christ (Cases for Christianity),Add a comment,£47.84
The Blind Side: Evolution of a Game,Add a comment,£53.71
Seven Days in the Art World,Add a comment,£52.33
Sarah's Key,Add a comment,£46.29
Rogue Lawyer (Rogue Lawyer #1),Add a comment,£50.11
Manuscript Found in Accra,Add a comment,£34.98
Fire Bound (Sea Haven/Sisters of the Heart #5),Add a comment,£21.28
Cosmos,Add a comment,£36.17
#GIRLBOSS,Add a comment,£50.96
The Sense of an Ending,Add a comment,£31.38
The Republic,Add a comment,£33.78
The Odyssey,Add a comment,£29.64
The Light of the Fireflies,Add a comment,£54.43
The Iliad,Add a comment,£16.16
The Communist Manifesto,Add a comment,£14.76
Lord of the Flies,Add a comment,£24.89
Unicorn Tracks,Fantasy,£18.78
"Saga, Volume 6 (Saga (Collected Editions) #6)",Fantasy,£25.02
Princess Between Worlds (Wide-Awake Princess #5),Fantasy,£13.34
Masks and Shadows,Fantasy,£56.40
Crown of Midnight (Throne of Glass #2),Fantasy,£43.29
"Avatar: The Last Airbender: Smoke and Shadow, Part 3 (Smoke and Shadow #3)",Fantasy,£28.09
A Court of Thorns and Roses (A Court of Thorns and Roses #1),Fantasy,£52.37
Throne of Glass (Throne of Glass #1),Fantasy,£35.07
The Glittering Court (The Glittering Court #1),Fantasy,£44.28
Hollow City (Miss Peregrineâs Peculiar Children #2),Fantasy,£42.98
The Star-Touched Queen,Fantasy,£46.02
The Hidden Oracle (The Trials of Apollo #1),Fantasy,£52.26
The Bane Chronicles (The Bane Chronicles #1-11),Fantasy,£44.73
Island of Dragons (Unwanteds #7),Fantasy,£29.65
Demigods & Magicians: Percy and Annabeth Meet the Kanes (Percy Jackson & Kane Chronicles Crossover #1-3),Fantasy,£37.51
City of Glass (The Mortal Instruments #3),Fantasy,£56.02
Searching for Meaning in Gailana,Fantasy,£38.73
The Star-Touched Queen,Fantasy,£32.30
A Shard of Ice (The Black Symphony Saga #1),Fantasy,£56.63
King's Folly (The Kinsman Chronicles #1),Fantasy,£39.61
Every Heart a Doorway (Every Heart A Doorway #1),Fantasy,£12.16
A Gathering of Shadows (Shades of Magic #2),Fantasy,£44.81
The Raven Boys (The Raven Cycle #1),Fantasy,£57.74
The False Prince (The Ascendance Trilogy #1),Fantasy,£56.00
Tell the Wind and Fire,Fantasy,£45.51
A Feast for Crows (A Song of Ice and Fire #4),Fantasy,£17.21
The Demonists (Demonist #1),Fantasy,£52.11
The Beast (Black Dagger Brotherhood #14),Fantasy,£46.08
Paper and Fire (The Great Library #2),Fantasy,£49.45
Harry Potter and the Order of the Phoenix (Harry Potter #5),Fantasy,£31.63
Harry Potter and the Half-Blood Prince (Harry Potter #6),Fantasy,£48.75
Harry Potter and the Chamber of Secrets (Harry Potter #2),Fantasy,£14.74
The Rose & the Dagger (The Wrath and the Dawn #2),Fantasy,£58.64
Soldier (Talon #3),Fantasy,£24.72
Midnight Riot (Peter Grant/ Rivers of London - books #1),Fantasy,£55.46
Heir to the Sky,Fantasy,£44.07
Eragon (The Inheritance Cycle #1),Fantasy,£43.87
Darkfever (Fever #1),Fantasy,£56.02
Ash,Fantasy,£22.06
A Storm of Swords (A Song of Ice and Fire #3),Fantasy,£31.22
Vampire Girl (Vampire Girl #1),Fantasy,£53.82
The Silent Twin (Detective Jennifer Knight #3),Fantasy,£36.25
The Mirror & the Maze (The Wrath and the Dawn #1.5),Fantasy,£29.38
Sister Sable (The Mad Queen #1),Fantasy,£13.33
Shadow Rites (Jane Yellowrock #10),Fantasy,£21.72
Origins (Alphas 0.5),Fantasy,£28.99
One Second (Seven #7),Fantasy,£52.94
Myriad (Prentor #1),Fantasy,£58.75
Without Borders (Wanderlove #1),New Adult,£45.07
The Mistake (Off-Campus #2),New Adult,£43.29
The Matchmaker's Playbook (Wingmen Inc. #1),New Adult,£55.85
The Hook Up (Game On #1),New Adult,£36.29
Shameless,New Adult,£58.35
Off Sides (Off #1),New Adult,£39.45
The Requiem Red,Young Adult,£22.65
Set Me Free,Young Adult,£17.46
The Natural History of Us (The Fine Art of Pretending #2),Young Adult,£45.22
Obsidian (Lux #1),Young Adult,£14.86
Burning,Young Adult,£28.81
A Fierce and Subtle Poison,Young Adult,£28.13
Scarlett Epstein Hates It Here,Young Adult,£43.55
"Nightingale, Sing",Young Adult,£38.28
Library of Souls (Miss Peregrineâs Peculiar Children #3),Young Adult,£48.56
Frostbite (Vampire Academy #2),Young Adult,£29.99
Wild Swans,Young Adult,£14.36
Until Friday Night (The Field Party #1),Young Adult,£46.31
This Is Where It Ends,Young Adult,£27.12
The Darkest Lie,Young Adult,£35.35
My Kind of Crazy,Young Adult,£40.36
Don't Get Caught,Young Adult,£55.35
Catching Jordan (Hundred Oaks),Young Adult,£50.83
Aristotle and Dante Discover the Secrets of the Universe (Aristotle and Dante Discover the Secrets of the Universe #1),Young Adult,£58.14
The Epidemic (The Program 0.6),Young Adult,£14.44
Stars Above (The Lunar Chronicles #4.5),Young Adult,£48.05
No Love Allowed (Dodge Cove #1),Young Adult,£54.65
"Exit, Pursued by a Bear",Young Adult,£51.34
The Alien Club,Young Adult,£54.40
Don't Forget Steven,Young Adult,£33.23
South of Sunshine,Young Adult,£28.93
My Life Next Door (My Life Next Door ),Young Adult,£36.39
Future Shock (Future Shock #1),Young Adult,£55.65
Nightstruck: A Novel,Young Adult,£50.35
Tell the Wolves I'm Home,Young Adult,£50.96
"Will Grayson, Will Grayson (Will Grayson, Will Grayson)",Young Adult,£47.31
Where She Went (If I Stay #2),Young Adult,£41.73
Two Summers,Young Adult,£14.64
The Darkest Corners,Young Adult,£11.33
Tell Me Three Things,Young Adult,£41.81
Lola and the Boy Next Door (Anna and the French Kiss #2),Young Adult,£23.63
Kill the Boy Band,Young Adult,£15.52
Isla and the Happily Ever After (Anna and the French Kiss #3),Young Adult,£48.13
An Abundance of Katherines,Young Adult,£10.00
Harry Potter and the Prisoner of Azkaban (Harry Potter #3),Young Adult,£24.17
Walk the Edge (Thunder Road #2),Young Adult,£32.36
Two Boys Kissing,Young Adult,£32.74
The New Guy (and Other Senior Year Distractions),Young Adult,£44.92
"The Land of 10,000 Madonnas",Young Adult,£29.64
Scarlet (The Lunar Chronicles #2),Young Adult,£14.57
Legend (Legend #1),Young Adult,£43.69
Lady Renegades (Rebel Belle #3),Young Adult,£53.04
Golden (Heart of Dread #3),Young Adult,£42.21
Cinder (The Lunar Chronicles #1),Young Adult,£26.09
Boy Meets Boy,Young Adult,£21.12
Annie on My Mind,Young Adult,£36.83
New Moon (Twilight #2),Young Adult,£12.86
Girl Online On Tour (Girl Online #2),Young Adult,£53.47
The Haters,Young Adult,£27.89
The Art of Not Breathing,Young Adult,£40.83
The Most Perfect Thing: Inside (and Outside) a Bird's Egg,Science,£42.96
Immunity: How Elie Metchnikoff Changed the Course of Modern Medicine,Science,£57.36
Sorting the Beef from the Bull: The Science of Food Fraud Forensics,Science,£44.74
Tipping Point for Planet Earth: How Close Are We to the Edge?,Science,£37.55
"The Fabric of the Cosmos: Space, Time, and the Texture of Reality",Science,£55.91
Diary of a Citizen Scientist: Chasing Tiger Beetles and Other New Ways of Engaging the World,Science,£28.41
The Origin of Species,Science,£10.01
The Grand Design,Science,£13.76
Peak: Secrets from the New Science of Expertise,Science,£16.28
"The Elegant Universe: Superstrings, Hidden Dimensions, and the Quest for the Ultimate Theory",Science,£13.03
"The Disappearing Spoon: And Other True Tales of Madness, Love, and the History of the World from the Periodic Table of the Elements",Science,£57.35
"Surely You're Joking, Mr. Feynman!: Adventures of a Curious Character",Science,£25.83
Seven Brief Lessons on Physics,Science,£30.60
The Selfish Gene,Science,£29.45
A Light in the Attic,Poetry,£51.77
The Black Maria,Poetry,£52.15
Shakespeare's Sonnets,Poetry,£20.66
Olio,Poetry,£23.88
You can't bury them all: Poems,Poetry,£33.63
Slow States of Collapse: Poems,Poetry,£57.31
Untitled Collection: Sabbath Poems 2014,Poetry,£14.27
Poems That Make Grown Women Cry,Poetry,£14.19
Night Sky with Exit Wounds,Poetry,£41.05
salt.,Poetry,£46.78
"Quarter Life Poetry: Poems for the Young, Broke and Hangry",Poetry,£50.89
Out of Print: City Lights Spotlight No. 14,Poetry,£53.64
Les Fleurs du Mal,Poetry,£29.04
Howl and Other Poems,Poetry,£40.45
Leave This Song Behind: Teen Poetry at Its Best,Poetry,£51.17
The Collected Poems of W.B. Yeats (The Collected Works of W.B. Yeats #1),Poetry,£15.42
The Crossover,Poetry,£38.77
Booked,Poetry,£17.49
Twenty Love Poems and a Song of Despair,Poetry,£30.95
"Vampire Knight, Vol. 1 (Vampire Knight #1)",Paranormal,£15.40
Wall and Piece,Art,£44.18
Feathers: Displays of Brilliant Plumage,Art,£49.05
Art and Fear: Observations on the Perils (and Rewards) of Artmaking,Art,£48.63
The New Drawing on the Right Side of the Brain,Art,£43.02
History of Beauty,Art,£10.29
The Story of Art,Art,£41.14
The Art Book,Art,£32.34
Ways of Seeing,Art,£39.51
The Lucifer Effect: Understanding How Good People Turn Evil,Psychology,£10.40
The Golden Condom: And Other Essays on Love Lost and Found,Psychology,£39.43
It Didn't Start with You: How Inherited Family Trauma Shapes Who We Are and How to End the Cycle,Psychology,£56.27
An Unquiet Mind: A Memoir of Moods and Madness,Psychology,£21.30
"Thinking, Fast and Slow",Psychology,£21.14
Civilization and Its Discontents,Psychology,£59.95
8 Keys to Mental Health Through Exercise,Psychology,£31.04
The Argonauts,Autobiography,£10.93
M Train,Autobiography,£27.18
Lab Girl,Autobiography,£40.85
Approval Junkie: Adventures in Caring Too Much,Autobiography,£58.81
Running with Scissors,Autobiography,£12.91
Me Talk Pretty One Day,Autobiography,£57.60
Lust & Wonder,Autobiography,£11.87
Life Without a Recipe,Autobiography,£59.04
A Heartbreaking Work of Staggering Genius,Autobiography,£54.29
Catastrophic Happiness: Finding Joy in Childhood's Messy Years,Parenting,£37.35
Fifty Shades Freed (Fifty Shades #3),Adult Fiction,£15.36
The Long Haul (Diary of a Wimpy Kid #9),Humor,£44.07
Old School (Diary of a Wimpy Kid #10),Humor,£11.83
I Know What I'm Doing -- and Other Lies I Tell Myself: Dispatches from a Life Under Construction,Humor,£25.98
"Hyperbole and a Half: Unfortunate Situations, Flawed Coping Mechanisms, Mayhem, and Other Things That Happened",Humor,£14.75
Dress Your Family in Corduroy and Denim,Humor,£43.68
Toddlers Are A**holes: It's Not Your Fault,Humor,£25.55
When You Are Engulfed in Flames,Humor,£30.89
Naked,Humor,£31.69
"Lamb: The Gospel According to Biff, Christ's Childhood Pal",Humor,£55.50
Holidays on Ice,Humor,£51.07
Security,Horror,£39.25
Follow You Home,Horror,£21.36
The Loney,Horror,£23.40
Pet Sematary,Horror,£10.56
Doctor Sleep (The Shining #2),Horror,£40.12
Psycho: Sanitarium (Psycho #1.5),Horror,£36.97
Can You Keep a Secret? (Fear Street Relaunch #4),Horror,£48.64
Red Dragon (Hannibal Lecter #1),Horror,£23.37
Dracula the Un-Dead,Horror,£35.63
Night Shift (Night Shift #1-20),Horror,£12.75
Needful Things,Horror,£47.51
Misery,Horror,£34.79
It,Horror,£25.01
'Salem's Lot,Horror,£49.56
The Stand,Horror,£57.86
The Girl with All the Gifts,Horror,£49.47
House of Leaves,Horror,£54.89
Sapiens: A Brief History of Humankind,History,£54.23
"Unbound: How Eight Technologies Made Us Human, Transformed Society, and Brought Our World to the Brink",History,£25.52
The Age of Genius: The Seventeenth Century and the Birth of the Modern Mind,History,£19.73
"Political Suicide: Missteps, Peccadilloes, Bad Calls, Backroom Hijinx, Sordid Pasts, Rotten Breaks, and Just Plain Dumb Mistakes in the Annals of American Politics",History,£36.28
Thomas Jefferson and the Tripoli Pirates: The Forgotten War That Changed American History,History,£59.64
Zealot: The Life and Times of Jesus of Nazareth,History,£24.70
A Distant Mirror: The Calamitous 14th Century,History,£14.58
1491: New Revelations of the Americas Before Columbus,History,£21.80
Brilliant Beacons: A History of the American Lighthouse,History,£11.45
"""Most Blessed of the Patriarchs"": Thomas Jefferson and the Empire of the Imagination",History,£44.48
A Short History of Nearly Everything,History,£52.40
The Rise and Fall of the Third Reich: A History of Nazi Germany,History,£39.67
Catherine the Great: Portrait of a Woman,History,£58.55
The Mathews Men: Seven Brothers and the War Against Hitler's U-boats,History,£42.91
The Hiding Place,History,£55.91
America's War for the Greater Middle East: A Military History,History,£51.22
The Guns of August,History,£14.54
"House of Lost Worlds: Dinosaurs, Dynasties, and the Story of Life on Earth",History,£43.70
"Foolproof Preserving: A Guide to Small Batch Jams, Jellies, Pickles, Condiments, and More: A Foolproof Guide to Making Small Batch Jams, Jellies, Pickles, Condiments, and More",Food and Drink,£30.52
"The Pioneer Woman Cooks: Dinnertime: Comfort Classics, Freezer Food, 16-Minute Meals, and Other Delicious Ways to Solve Supper!",Food and Drink,£56.41
My Paris Kitchen: Recipes and Stories,Food and Drink,£33.37
"Mama Tried: Traditional Italian Cooking for the Screwed, Crude, Vegan, and Tattooed",Food and Drink,£14.02
"Layered: Baking, Building, and Styling Spectacular Cakes",Food and Drink,£40.11
The Nerdy Nummies Cookbook: Sweet Treats for the Geek in All of Us,Food and Drink,£37.34
The Love and Lemons Cookbook: An Apple-to-Zucchini Celebration of Impromptu Cooking,Food and Drink,£37.60
The Cookies & Cups Cookbook: 125+ sweet & savory recipes reminding you to Always Eat Dessert First,Food and Drink,£41.25
"Deliciously Ella Every Day: Quick and Easy Recipes for Gluten-Free Snacks, Packed Lunches, and Simple Meals",Food and Drink,£42.16
The Help Yourself Cookbook for Kids: 60 Easy Plant-Based Recipes Kids Can Make to Stay Healthy and Save the Earth,Food and Drink,£28.77
"It's All Easy: Healthy, Delicious Weeknight Meals in under 30 Minutes",Food and Drink,£19.55
Barefoot Contessa Back to Basics,Food and Drink,£28.01
Barefoot Contessa at Home: Everyday Recipes You'll Make Over and Over Again,Food and Drink,£50.62
My Kitchen Year: 136 Recipes That Saved My Life,Food and Drink,£11.53
Everyday Italian: 125 Simple and Delicious Recipes,Food and Drink,£20.10
"A la Mode: 120 Recipes in 60 Pairings: Pies, Tarts, Cakes, Crisps, and More Topped with Ice Cream, Gelato, Frozen Custard, and More",Food and Drink,£38.77
Cravings: Recipes for What You Want to Eat,Food and Drink,£20.50
"The Moosewood Cookbook: Recipes from Moosewood Restaurant, Ithaca, New York",Food and Drink,£12.34
32 Yolks,Food and Drink,£53.63
"Naturally Lean: 125 Nourishing Gluten-Free, Plant-Based Recipes--All Under 300 Calories",Food and Drink,£11.38
How to Cook Everything Vegetarian: Simple Meatless Recipes for Great Food (How to Cook Everything),Food and Drink,£46.01
How to Be a Domestic Goddess: Baking and the Art of Comfort Cooking,Food and Drink,£28.25
The Barefoot Contessa Cookbook,Food and Drink,£59.92
Better Homes and Gardens New Cook Book,Food and Drink,£39.61
The Power Greens Cookbook: 140 Delicious Superfood Recipes,Food and Drink,£11.05
Mexican Today: New and Rediscovered Recipes for Contemporary Kitchens,Food and Drink,£24.91
Vegan Vegetarian Omnivore: Dinner for Everyone at the Table,Food and Drink,£13.66
The Smitten Kitchen Cookbook,Food and Drink,£23.59
"The Art of Simple Food: Notes, Lessons, and Recipes from a Delicious Revolution",Food and Drink,£34.32
Hungry Girl Clean & Hungry: Easy All-Natural Recipes for Healthy Eating in the Real World,Food and Drink,£33.14
Redeeming Love,Christian Fiction,£20.47
Close to You,Christian Fiction,£49.46
Shadows of the Past (Logan Point #1),Christian Fiction,£39.67
Like Never Before (Walker Family #2),Christian Fiction,£28.77
Counted With the Stars (Out from Egypt #1),Christian Fiction,£17.97
If I Run (If I Run #1),Christian Fiction,£49.97
The Dirty Little Secrets of Getting Your Dream Job,Business,£33.34
The Third Wave: An Entrepreneurâs Vision of the Future,Business,£12.61
The 10% Entrepreneur: Live Your Startup Dream Without Quitting Your Day Job,Business,£27.55
Shoe Dog: A Memoir by the Creator of NIKE,Business,£23.99
Made to Stick: Why Some Ideas Survive and Others Die,Business,£38.85
Quench Your Own Thirst: Business Lessons Learned Over a Beer or Two,Business,£43.14
The Art of Startup Fundraising,Business,£21.00
Born for This: How to Find the Work You Were Meant to Do,Business,£21.59
The E-Myth Revisited: Why Most Small Businesses Don't Work and What to Do About It,Business,£36.91
"Rich Dad, Poor Dad",Business,£51.74
The Lean Startup: How Today's Entrepreneurs Use Continuous Innovation to Create Radically Successful Businesses,Business,£33.92
Rework,Business,£44.88
Louisa: The Extraordinary Life of Mrs. Adams,Biography,£16.85
"Setting the World on Fire: The Brief, Astonishing Life of St. Catherine of Siena",Biography,£21.15
The Faith of Christopher Hitchens: The Restless Soul of the World's Most Notorious Atheist,Biography,£39.55
Benjamin Franklin: An American Life,Biography,£48.19
The Rise of Theodore Roosevelt (Theodore Roosevelt #1),Biography,£42.57
In Her Wake,Thriller,£12.84
The Elephant Tree,Thriller,£23.82
Behind Closed Doors,Thriller,£52.22
You (You #1),Thriller,£43.61
The Guilty (Will Robie #4),Thriller,£13.82
The 14th Colony (Cotton Malone #11),Thriller,£39.24
Give It Back,Thriller,£18.32
Killing Floor (Jack Reacher #1),Thriller,£31.49
The Bone Hunters (Lexy Vaughan & Steven Macaulay #2),Thriller,£59.71
Far From True (Promise Falls Trilogy #2),Thriller,£34.93
The Travelers,Thriller,£15.77
When We Collided,Contemporary,£31.77
Someone Like You (The Harrisons #2),Contemporary,£52.79
We Are All Completely Beside Ourselves,Contemporary,£24.04
The Four Agreements: A Practical Guide to Personal Freedom,Spirituality,£17.66
The Activist's Tao Te Ching: Ancient Advice for a Modern Revolution,Spirituality,£32.24
Chasing Heaven: What Dying Taught Me About Living,Spirituality,£37.80
If I Gave You God's Phone Number....: Searching for Spirituality in America,Spirituality,£20.91
Unreasonable Hope: Finding Faith in the God Who Brings Purpose to Your Pain,Spirituality,£46.33
A New Earth: Awakening to Your Life's Purpose,Spirituality,£55.65
Logan Kade (Fallen Crest High #5.5),Academic,£13.12
Online Marketing for Busy Authors: A Step-By-Step Guide,Self Help,£46.35
How to Be Miserable: 40 Strategies You Already Use,Self Help,£46.03
"Overload: How to Unplug, Unwind, and Unleash Yourself from the Pressure of Stress",Self Help,£52.15
You Are a Badass: How to Stop Doubting Your Greatness and Start Living an Awesome Life,Self Help,£12.08
How to Stop Worrying and Start Living,Self Help,£46.49
All the Light We Cannot See,Historical,£29.87
The Girl You Left Behind (The Girl You Left Behind #1),Historical,£15.79
(Un)Qualified: How God Uses Broken People to Do Big Things,Christian,£54.00
Crazy Love: Overwhelmed by a Relentless God,Christian,£47.72
Blue Like Jazz: Nonreligious Thoughts on Christian Spirituality,Christian,£25.77
Silence in the Dark (Logan Point #4),Suspense,£58.33
The Grownup,Short Stories,£35.88
Suzie Snowflake: One beautiful flake (a self-esteem story),Novels,£54.81
"The Bulletproof Diet: Lose up to a Pound a Day, Reclaim Energy and Focus, Upgrade Your Life",Health,£49.05
"Eat Fat, Get Thin",Health,£54.07
10-Day Green Smoothie Cleanse: Lose Up to 15 Pounds in 10 Days!,Health,£49.71
The Art and Science of Low Carbohydrate Living,Health,£52.98
Libertarianism for Beginners,Politics,£51.33
Why the Right Went Wrong: Conservatism--From Goldwater to the Tea Party and Beyond,Politics,£52.65
Equal Is Unfair: America's Misguided Fight Against Income Inequality,Politics,£56.86
Amid the Chaos,Cultural,£36.58
Dark Notes,Erotica,£19.19
The Long Shadow of Small Ghosts: Murder and Memory in an American City,Crime,£10.97
